Search Query,Bike Title,Price,Year,KM Driven
honda shine,Honda Shine with good condition..less driven.,"₹ 38,000",2015,"59,000"
honda shine,"15778, Honda Shine, First owner","₹ 69,000",2021,"43,162"
honda shine,New Honda sp shine just pay low down payment 12000/-,"₹ 12,000",2024,0
honda shine,Hero shine 125.Showroom condition.,"₹ 65,000",2020,"20,000"
honda shine,Honda shine sale 2014 model good condition,"₹ 35,000",2014,0
honda shine,New shine 125cc,"₹ 14,000",2024,0
honda shine,Honda Shine,"₹ 85,000",2014,"39,855"
honda shine,পুরনো বাইক বন্ধ রেখে সুদের উপর টাকা দেওয়া হয়!পুরনো বাইক কেনাবেচা হয়,"₹ 40,000",2024,"2,323"
honda shine,New bike shine colour black and red,"₹ 90,000",2024,"4,000"
honda shine,Honda CB Shine good condition,"₹ 90,000",2019,"15,000"
honda shine,Reliable and Efficient Honda Shine 100 for Sale - Great Condition!,"₹ 40,000",2010,"42,200"
honda shine,Honda Shine,"₹ 17,000",2010,"76,000"
honda shine,Super conductor running bike,"₹ 98,000",2023,"51,000"
honda shine,First owner 43000 km driven Honda Shine,"₹ 30,000",2015,"43,000"
honda shine,4 Hafta baaki hai bhar ke milenga Rear New MRF TYRE,"₹ 85,000",2022,"13,000"
honda shine,Argent selling,"₹ 51,000",2016,"45,000"
honda shine,Honda:model shine,"₹ 27,000",2011,"82,200"
honda shine,Honda Shine 125 Superb Condition,"₹ 49,000",2010,"34,500"
honda shine,Cb shine 125cc,"₹ 20,000",2018,"120,000"
honda shine,Ok conditions h,"₹ 26,000",2015,"49,500"
